{"loss":{"0":3.384937048,"1":2.669563055,"2":2.1267447472,"3":1.7043706179,"4":1.4204554558,"5":1.2196377516,"6":1.0996932983,"7":0.9864800572,"8":0.8953930736,"9":0.8420978785,"10":0.7754789591,"11":0.701481998,"12":0.6706522703,"13":0.6251241565,"14":0.557569325,"15":0.5494937301,"16":0.5083840489,"17":0.4924681485,"18":0.4675763547,"19":0.4256998301,"20":0.422606349,"21":0.3787038624,"22":0.3866095841,"23":0.3616241813,"24":0.3495342433,"25":0.320648998,"26":0.3405323923,"27":0.3161779642,"28":0.2948842645,"29":0.2932281792,"30":0.2651053071,"31":0.2683831751,"32":0.2682627738,"33":0.2632608116,"34":0.2576700449,"35":0.2451088428,"36":0.23529163,"37":0.2177423388,"38":0.2172592431,"39":0.2208753228,"40":0.2096212506,"41":0.2177862376,"42":0.2113364041,"43":0.2092787176,"44":0.1768392622,"45":0.1626119018,"46":0.1520850807,"47":0.1632379293,"48":0.1518111378,"49":0.1370556206,"50":0.1622859985,"51":0.142073065,"52":0.1486771405,"53":0.1462144852},"accuracy":{"0":0.0620155036,"1":0.2366102934,"2":0.3883897066,"3":0.5004404783,"4":0.5769908428,"5":0.6330162287,"6":0.6669309139,"7":0.7026074529,"8":0.7237491012,"9":0.7396934628,"10":0.7597780228,"11":0.7803910971,"12":0.7837385535,"13":0.8052325845,"14":0.8187103868,"15":0.8241719604,"16":0.8345665932,"17":0.8394115567,"18":0.8469873071,"19":0.8649576902,"20":0.8581747413,"21":0.8780831695,"22":0.8725335002,"23":0.8816067576,"24":0.8857470155,"25":0.8928822875,"26":0.8847780228,"27":0.8995771408,"28":0.9025722146,"29":0.8993129134,"30":0.911821723,"31":0.9105884433,"32":0.9119098186,"33":0.9149048328,"34":0.9128788114,"35":0.918604672,"36":0.9237138629,"37":0.9263566136,"38":0.9259161353,"39":0.9270613194,"40":0.9296159148,"41":0.9259161353,"42":0.9302325845,"43":0.9302325845,"44":0.9391296506,"45":0.9458245039,"46":0.9495242834,"47":0.9454721808,"48":0.9485553503,"49":0.9535764456,"50":0.9452078938,"51":0.9519027472,"52":0.948379159,"53":0.9506694674},"val_loss":{"0":2.8405120373,"1":2.1529939175,"2":1.6951639652,"3":1.3200665712,"4":1.1664017439,"5":0.9840650558,"6":0.9039570689,"7":0.8492971063,"8":0.7970696688,"9":0.7682880163,"10":0.7739260197,"11":0.6879555583,"12":0.6522575617,"13":0.6522954702,"14":0.6349220276,"15":0.6013901234,"16":0.6416273117,"17":0.6667589545,"18":0.6090281606,"19":0.6324524283,"20":0.6104774475,"21":0.6137613654,"22":0.6684101224,"23":0.5995527506,"24":0.6078187823,"25":0.6896166205,"26":0.6271865368,"27":0.6299937367,"28":0.6440663338,"29":0.625066638,"30":0.635183394,"31":0.6209756136,"32":0.6287341714,"33":0.7005327344,"34":0.6690796614,"35":0.6583530903,"36":0.6155144572,"37":0.676112175,"38":0.6343739033,"39":0.6315342784,"40":0.6669707894,"41":0.6329224706,"42":0.6580462456,"43":0.6516156197,"44":0.6805949211,"45":0.6822611094,"46":0.6658268571,"47":0.6620380282,"48":0.6685512662,"49":0.6795958877,"50":0.703581214,"51":0.6753054857,"52":0.6289669871,"53":0.6709829569},"val_accuracy":{"0":0.1962649822,"1":0.4094432592,"2":0.5246652365,"3":0.6518675089,"4":0.6874559522,"5":0.7269203663,"6":0.7544044852,"7":0.7674418688,"8":0.7758985162,"9":0.786821723,"10":0.7794221044,"11":0.8062015772,"12":0.8167724013,"13":0.817477107,"14":0.8241719604,"15":0.8269908428,"16":0.8227624893,"17":0.8054968119,"18":0.8252290487,"19":0.8234672546,"20":0.8255813718,"21":0.8340380788,"22":0.810077548,"23":0.8361521959,"24":0.8382663727,"25":0.8107822537,"26":0.8280479312,"27":0.8350951672,"28":0.8350951672,"29":0.8308668137,"30":0.8365045786,"31":0.8393234611,"32":0.8308668137,"33":0.8329809904,"34":0.8347427845,"35":0.8396758437,"36":0.8410852551,"37":0.837561667,"38":0.8414376378,"39":0.846370697,"40":0.844961226,"41":0.8453136086,"42":0.8424947262,"43":0.8421423435,"44":0.8453136086,"45":0.8428470492,"46":0.8474277854,"47":0.8551797271,"48":0.8470754027,"49":0.8498942852,"50":0.8417900205,"51":0.8534178734,"52":0.8495419025,"53":0.8488371968},"lr":{"0":0.001,"1":0.001,"2":0.001,"3":0.001,"4":0.001,"5":0.001,"6":0.001,"7":0.001,"8":0.001,"9":0.001,"10":0.001,"11":0.001,"12":0.001,"13":0.001,"14":0.001,"15":0.001,"16":0.001,"17":0.001,"18":0.001,"19":0.001,"20":0.001,"21":0.001,"22":0.001,"23":0.001,"24":0.001,"25":0.001,"26":0.001,"27":0.001,"28":0.001,"29":0.001,"30":0.001,"31":0.001,"32":0.001,"33":0.001,"34":0.001,"35":0.001,"36":0.001,"37":0.001,"38":0.001,"39":0.001,"40":0.001,"41":0.001,"42":0.001,"43":0.001,"44":0.00075,"45":0.00075,"46":0.00075,"47":0.00075,"48":0.00075,"49":0.00075,"50":0.00075,"51":0.00075,"52":0.00075,"53":0.00075}}