{"loss":{"0":3.4504811764,"1":2.9000849724,"2":2.3426609039,"3":2.0816555023,"4":1.8776934147,"5":1.6710580587,"6":1.5089811087,"7":1.3656291962,"8":1.220340848,"9":1.1189292669,"10":1.0229432583,"11":0.9496113062,"12":0.8926118612,"13":0.8584077954,"14":0.8109925985,"15":0.7469725013,"16":0.7198408246,"17":0.6969103217,"18":0.6787450314,"19":0.6461622119,"20":0.6179105639,"21":0.5873789787,"22":0.5849202275,"23":0.5371719599,"24":0.5360688567,"25":0.5086108446,"26":0.505615592,"27":0.4863639474,"28":0.4620506763,"29":0.4444761276,"30":0.4411202669,"31":0.4303847849,"32":0.4041751027,"33":0.4203245938,"34":0.3968851566,"35":0.4082626998,"36":0.3936535418,"37":0.3663430214,"38":0.3656020164,"39":0.3729565144,"40":0.3562906682,"41":0.3609391749,"42":0.3488199413,"43":0.3307773769,"44":0.3135045469,"45":0.2933387756,"46":0.2936195433,"47":0.2874853909,"48":0.2756278217,"49":0.2813252211,"50":0.2728590071,"51":0.2567581534,"52":0.2718526423,"53":0.2411463708,"54":0.2372826487,"55":0.2314900905,"56":0.2356584221,"57":0.215244785,"58":0.2074718922,"59":0.2073577344,"60":0.2085876912,"61":0.1978333741,"62":0.2051081955,"63":0.1970959455,"64":0.2049328983,"65":0.1836602688,"66":0.1790690124,"67":0.1764845699},"accuracy":{"0":0.0464235395,"1":0.1818181872,"2":0.3232029676,"3":0.3934108615,"4":0.4467054307,"5":0.5041402578,"6":0.5556730032,"7":0.5892353654,"8":0.631782949,"9":0.6604122519,"10":0.6886892319,"11":0.7094784975,"12":0.7271846533,"13":0.72929883,"14":0.7457716465,"15":0.7640944123,"16":0.7701726556,"17":0.7781007886,"18":0.7850599289,"19":0.7921952009,"20":0.8027660251,"21":0.8087561727,"22":0.8101655841,"23":0.8269908428,"24":0.8267265558,"25":0.8348308802,"26":0.8366807699,"27":0.8417900205,"28":0.8494538665,"29":0.8533298373,"30":0.8516560793,"31":0.8565891385,"32":0.8668956757,"33":0.860817492,"34":0.8691860437,"35":0.8636363745,"36":0.8690979481,"37":0.8769379854,"38":0.8804615736,"39":0.8742952943,"40":0.8776426911,"41":0.8800211549,"42":0.8864517212,"43":0.8865398169,"44":0.8955250382,"45":0.9023960829,"46":0.9008104205,"47":0.9032769799,"48":0.9083861709,"49":0.9071529508,"50":0.9060077667,"51":0.9141120315,"52":0.9072409868,"53":0.9164023995,"54":0.920630753,"55":0.920366466,"56":0.9207187891,"57":0.9272375107,"58":0.9313777089,"59":0.9298802018,"60":0.9272375107,"61":0.9319062829,"62":0.9311134815,"63":0.932258606,"64":0.9291754961,"65":0.9365750551,"66":0.9376321435,"67":0.940715313},"val_loss":{"0":3.2479422092,"1":2.429710865,"2":2.0489275455,"3":1.8290096521,"4":1.5883299112,"5":1.4642596245,"6":1.3112745285,"7":1.1546338797,"8":1.0854731798,"9":0.9727284908,"10":0.884968102,"11":0.8436223269,"12":0.7894535065,"13":0.7866135836,"14":0.7578393221,"15":0.7398279905,"16":0.7243817449,"17":0.7005797029,"18":0.7140103579,"19":0.6686211228,"20":0.690810442,"21":0.6937917471,"22":0.6507788301,"23":0.6604591608,"24":0.6433477998,"25":0.6205094457,"26":0.6367141604,"27":0.6456811428,"28":0.6374394298,"29":0.6274622083,"30":0.6012812853,"31":0.653060317,"32":0.6047430634,"33":0.662391901,"34":0.5792988539,"35":0.5942355394,"36":0.5939645171,"37":0.5955274105,"38":0.6041762233,"39":0.5707418323,"40":0.5878871679,"41":0.5943680406,"42":0.6459575891,"43":0.5741112828,"44":0.5858230591,"45":0.6067048311,"46":0.5772352815,"47":0.5592030883,"48":0.6147658229,"49":0.5809916258,"50":0.6134406924,"51":0.6436873674,"52":0.5593013763,"53":0.5780055523,"54":0.5933327079,"55":0.6178212762,"56":0.6061879992,"57":0.5854341388,"58":0.5844097137,"59":0.592323482,"60":0.58586514,"61":0.6055964828,"62":0.5758414268,"63":0.5639355779,"64":0.588475287,"65":0.5948673487,"66":0.5738366246,"67":0.5740508437},"val_accuracy":{"0":0.0976039469,"1":0.3481324911,"2":0.4217759073,"3":0.4961240292,"4":0.5532065034,"5":0.5926709175,"6":0.624735713,"7":0.6719520688,"8":0.6906272173,"9":0.7241014838,"10":0.7431289554,"11":0.7692036629,"12":0.7702607512,"13":0.779774487,"14":0.7857646346,"15":0.7885835171,"16":0.7935165763,"17":0.7977448702,"18":0.7966877818,"19":0.8139534593,"20":0.7977448702,"21":0.8051444888,"22":0.8125440478,"23":0.8114869595,"24":0.8167724013,"25":0.8266384602,"26":0.8259337544,"27":0.8245242834,"28":0.8276955485,"29":0.8284002542,"30":0.8350951672,"31":0.8284002542,"32":0.8336856961,"33":0.8181818128,"34":0.8431994319,"35":0.8446089029,"36":0.8361521959,"37":0.8414376378,"38":0.8354474902,"39":0.8414376378,"40":0.8368569613,"41":0.8431994319,"42":0.8350951672,"43":0.846370697,"44":0.8424947262,"45":0.8453136086,"46":0.8484848738,"47":0.8555320501,"48":0.8456659913,"49":0.8460183144,"50":0.8453136086,"51":0.846370697,"52":0.8509513736,"53":0.8558844328,"54":0.8544749618,"55":0.8523608446,"56":0.8604651093,"57":0.853770256,"58":0.8558844328,"59":0.8590556979,"60":0.8587033153,"61":0.8527131677,"62":0.8622269034,"63":0.8604651093,"64":0.8572938442,"65":0.8618745804,"66":0.859408021,"67":0.8579986095},"lr":{"0":0.001,"1":0.001,"2":0.001,"3":0.001,"4":0.001,"5":0.001,"6":0.001,"7":0.001,"8":0.001,"9":0.001,"10":0.001,"11":0.001,"12":0.001,"13":0.001,"14":0.001,"15":0.001,"16":0.001,"17":0.001,"18":0.001,"19":0.001,"20":0.001,"21":0.001,"22":0.001,"23":0.001,"24":0.001,"25":0.001,"26":0.001,"27":0.001,"28":0.001,"29":0.001,"30":0.001,"31":0.001,"32":0.001,"33":0.001,"34":0.001,"35":0.001,"36":0.001,"37":0.001,"38":0.001,"39":0.001,"40":0.001,"41":0.001,"42":0.001,"43":0.001,"44":0.001,"45":0.00075,"46":0.00075,"47":0.00075,"48":0.00075,"49":0.00075,"50":0.00075,"51":0.00075,"52":0.00075,"53":0.0005625,"54":0.0005625,"55":0.0005625,"56":0.0005625,"57":0.0005625,"58":0.000421875,"59":0.000421875,"60":0.000421875,"61":0.000421875,"62":0.000421875,"63":0.0003164063,"64":0.0003164063,"65":0.0003164063,"66":0.0003164063,"67":0.0003164063}}