{"loss":{"0":3.4738469124,"1":2.7550776005,"2":2.0921561718,"3":1.6470179558,"4":1.3444578648,"5":1.1420924664,"6":0.9764198065,"7":0.8523557186,"8":0.7642373443,"9":0.7162511945,"10":0.6396033764,"11":0.5869602561,"12":0.5448559523,"13":0.4844529033,"14":0.4451336861,"15":0.4249177575,"16":0.4033603072,"17":0.3762247562,"18":0.3573749959,"19":0.3306573927,"20":0.2930380702,"21":0.3145721257,"22":0.2734998465,"23":0.2599139214,"24":0.2577000558,"25":0.2419085354,"26":0.2285464704,"27":0.2250873297,"28":0.198987022,"29":0.2052888274,"30":0.2126417756,"31":0.1920420825,"32":0.1816554368,"33":0.1598820835,"34":0.1421604753,"35":0.1421608627,"36":0.1401503384,"37":0.1314407736,"38":0.1351907253,"39":0.1251069158,"40":0.1421077251,"41":0.1333451867,"42":0.1199520081,"43":0.1066755503,"44":0.1011929214,"45":0.0985004604,"46":0.0929334983,"47":0.0894722715,"48":0.0815061852,"49":0.0897570774,"50":0.1067143977,"51":0.0884783119,"52":0.0880984366},"accuracy":{"0":0.0389358699,"1":0.2267441899,"2":0.3966701925,"3":0.5184989572,"4":0.601744175,"5":0.6542459726,"6":0.7035764456,"7":0.7338795066,"8":0.7628611922,"9":0.7759866118,"10":0.7968639731,"11":0.8126321435,"12":0.8239076734,"13":0.8447850347,"14":0.8565891385,"15":0.860553205,"16":0.8681289554,"17":0.8790521622,"18":0.8809020519,"19":0.8901515007,"20":0.90389359,"21":0.8949083686,"22":0.9069767594,"23":0.9143763185,"24":0.9142001271,"25":0.9217758775,"26":0.9245947599,"27":0.9247709513,"28":0.9341085553,"29":0.9323467016,"30":0.9286469221,"31":0.9361345768,"32":0.9386011362,"33":0.9455602765,"34":0.9525193572,"35":0.9524312615,"36":0.9548978209,"37":0.9550740123,"38":0.955778718,"39":0.9593023062,"40":0.9520789385,"41":0.9545454383,"42":0.9594784975,"43":0.9633544683,"44":0.9641472697,"45":0.9666138291,"46":0.9685518146,"47":0.9696969986,"48":0.9726039171,"49":0.970225513,"50":0.9646758437,"51":0.9694327116,"52":0.9709302187},"val_loss":{"0":3.2631998062,"1":2.2280869484,"2":1.6452381611,"3":1.2951732874,"4":1.0858421326,"5":1.0409810543,"6":0.8894068599,"7":0.8073488474,"8":0.8015007973,"9":0.7288500071,"10":0.7035602927,"11":0.7203938961,"12":0.6789447665,"13":0.6548526287,"14":0.6487374306,"15":0.6351078749,"16":0.6820687652,"17":0.6643565893,"18":0.6370934844,"19":0.6421471238,"20":0.6556286812,"21":0.6439864635,"22":0.6249068379,"23":0.6615422368,"24":0.6395500302,"25":0.6594367623,"26":0.6451027989,"27":0.6473451257,"28":0.6751659513,"29":0.7110062242,"30":0.667630136,"31":0.7145025134,"32":0.6615567207,"33":0.6798571944,"34":0.7086903453,"35":0.706704855,"36":0.680947721,"37":0.7261776924,"38":0.7385382652,"39":0.6870348454,"40":0.7067978382,"41":0.6857095957,"42":0.7431553602,"43":0.6994651556,"44":0.6724070907,"45":0.6738526225,"46":0.7337495685,"47":0.7356129885,"48":0.7593227029,"49":0.7617073059,"50":0.7601624727,"51":0.7267297506,"52":0.7478714585},"val_accuracy":{"0":0.1141649038,"1":0.3988724351,"2":0.5613107681,"3":0.6518675089,"4":0.7004932761,"5":0.7167019248,"6":0.7515856028,"7":0.7769556046,"8":0.7720225453,"9":0.8009161353,"10":0.801268518,"11":0.8019732237,"12":0.8107822537,"13":0.8224101663,"14":0.8245242834,"15":0.8280479312,"16":0.8146582246,"17":0.8146582246,"18":0.8301621079,"19":0.830514431,"20":0.8340380788,"21":0.8340380788,"22":0.8428470492,"23":0.8372092843,"24":0.8428470492,"25":0.8421423435,"26":0.8414376378,"27":0.8488371968,"28":0.8456659913,"29":0.8372092843,"30":0.8424947262,"31":0.8382663727,"32":0.8396758437,"33":0.8428470492,"34":0.8488371968,"35":0.8456659913,"36":0.8523608446,"37":0.8481324911,"38":0.8417900205,"39":0.8502466679,"40":0.8495419025,"41":0.853770256,"42":0.8474277854,"43":0.852008462,"44":0.8604651093,"45":0.8558844328,"46":0.8534178734,"47":0.852008462,"48":0.8495419025,"49":0.8513037562,"50":0.8523608446,"51":0.8551797271,"52":0.8601127267},"lr":{"0":0.001,"1":0.001,"2":0.001,"3":0.001,"4":0.001,"5":0.001,"6":0.001,"7":0.001,"8":0.001,"9":0.001,"10":0.001,"11":0.001,"12":0.001,"13":0.001,"14":0.001,"15":0.001,"16":0.001,"17":0.001,"18":0.001,"19":0.001,"20":0.001,"21":0.001,"22":0.001,"23":0.001,"24":0.001,"25":0.001,"26":0.001,"27":0.001,"28":0.001,"29":0.001,"30":0.001,"31":0.001,"32":0.001,"33":0.00075,"34":0.00075,"35":0.00075,"36":0.00075,"37":0.00075,"38":0.00075,"39":0.00075,"40":0.00075,"41":0.00075,"42":0.00075,"43":0.0005625,"44":0.0005625,"45":0.0005625,"46":0.0005625,"47":0.0005625,"48":0.0005625,"49":0.0005625,"50":0.0005625,"51":0.0005625,"52":0.0005625}}